row_id,label,exact_jaccard,minhash_similarity,minhash_pred,simhash_similarity,simhash_hamming_distance,simhash_pred
0,1,0.5454545454545454,0.53125,1,0.90625,6,1
1,1,0.25,0.25,1,0.8125,12,1
2,1,0.35714285714285715,0.3359375,1,0.78125,14,1
3,1,0.3333333333333333,0.328125,1,0.59375,26,0
4,1,0.08333333333333333,0.078125,0,0.71875,18,0
5,0,0.0,0.0,0,0.5625,28,0
6,0,0.0,0.0,0,0.65625,22,0
7,0,0.0,0.0,0,0.515625,31,0
8,0,0.0,0.0,0,0.46875,34,0
9,0,0.0,0.0,0,0.6875,20,0
